mean_speed,variance,departed
18.3369966835,0.0691929511367,2940
