,mean_speed,variance,cum_variance,departed,link1,link2,link3,link4,link5
1,18.179840181675708,0.07873423983918305,0.0,1490,18.23468911542413,18.279155296183855,18.075953674149755,18.06663273457877,18.289110392553788
