,mean_speed,variance,cum_variance,departed,link1,link2,link3,link4,link5
1,18.348095315461368,0.012272889892014313,0.0,1494,18.258846906197896,18.2194044654937,18.336122295018452,18.50882165382574,18.516998634191168
