,mean_speed,variance,cum_variance,departed,link1,link2,link3,link4,link5
1,18.431514449191855,0.04603569936658068,0.0,1491,18.39940629690632,18.3746071828699,18.51393244205878,18.5305075955092,18.5882808256757
