,mean_speed,variance,cum_variance,departed,link1,link2,link3,link4,link5
1,18.17424228882177,0.03372186383856837,0.0,1491,18.05924679951117,18.062734069539317,18.19608063767201,18.28400619329534,18.29822494077364
