,mean_speed,variance,cum_variance,departed,link1,link2,link3,link4,link5
1,18.52322239048596,0.027412426504067725,0.0,1493,18.513457688619685,18.495909837967062,18.442904347730646,18.602417500442872,18.687198019319606
